{
  "threshold": 0.7258599400520325,
  "youden_J": 0.8953488372093023,
  "tpr_at_threshold": 0.9069767441860465,
  "fpr_at_threshold": 0.011627906976744186,
  "conservative_threshold": 0.7284363120794309,
  "cv_auroc": 0.9847597078046905,
  "layer": 11,
  "mode": "last"
}